,X,Y,Z
0,155.5158,43.057438,3.3796668
1,50.55549,549.4272,3.6488295
2,238.19025,33.44591,4.0410433
3,128.44511,62.545116,4.0530233
4,328.97354,177.78452,2.5747957
5,334.89023,189.94316,4.010534
6,345.70123,273.36667,4.950392
7,345.0948,342.76144,4.3909874
8,23.04969,365.6853,2.357488
9,30.593418,421.26114,3.992569
10,306.23666,482.81076,3.6414344
11,39.424446,536.5253,3.525712
12,64.18609,572.3102,3.1266918
13,119.813934,615.3751,3.1250541
14,235.36139,9.883503,4.4664116
15,173.72887,11.476873,5.4194574
16,169.47255,11.325169,6.9953547
17,165.08783,13.64936,4.966026
18,212.50136,29.35889,4.4304876
19,188.75635,32.05212,4.5122194
20,176.86423,38.974136,5.0007186
21,145.59715,47.99451,4.2420416
22,315.67807,124.41675,3.9525788
23,86.98187,126.71658,3.2544043
24,70.63186,170.7946,3.17549
25,332.54495,231.21939,3.4225352
26,43.37596,268.87616,5.2356596
27,345.4519,293.084,4.6621304
28,341.6061,316.40036,4.3381295
29,294.5714,509.69434,3.5452476
30,73.79481,583.6924,4.207854
31,220.10814,7.192249,4.7393613
32,183.82906,8.869599,5.945523
33,159.86852,19.99035,5.9173703
34,263.33752,20.816858,4.9094214
35,251.59947,37.696064,4.7215223
36,136.33957,53.509987,4.523587
37,302.29288,84.4331,4.2588143
38,311.24042,109.511,6.059386
39,319.3036,140.66588,3.8559146
40,60.192066,203.02592,4.7694426
41,55.61109,212.87476,4.7049246
42,333.64044,243.93468,4.7098265
43,55.206642,244.05418,4.1013546
44,339.9382,252.96118,4.2535796
45,340.7982,263.47043,4.4352403
46,343.1111,304.50012,5.80069
47,344.82397,328.57425,4.046561
48,41.546074,371.57306,6.9491377
49,330.97015,374.48373,3.838372
50,12.203668,394.035,5.8938985
51,336.77258,411.95352,5.2006283
52,324.00888,431.5178,3.9933333
53,319.88348,443.59866,4.532018
54,311.76852,469.53925,4.8425927
55,34.16922,521.4212,5.3724637
56,261.87927,568.2267,4.348347
57,251.51462,581.6349,3.73867
58,83.72425,596.94977,4.137549
59,132.75244,620.36456,4.707655
60,273.86676,30.52062,4.7839465
61,165.38567,37.859596,5.751431
62,200.30238,46.581398,7.517672
63,282.0676,52.87349,5.53352
64,288.81158,62.004322,5.7744956
65,91.16088,114.26605,4.793358
66,79.22386,144.80229,4.1411767
67,62.720623,223.18326,6.062899
68,349.17358,233.6051,9.438254
69,44.541714,256.87775,5.237543
70,40.124245,279.60312,4.4893446
71,341.28113,282.80493,6.377223
72,29.94385,354.029,4.195279
73,341.88177,361.90057,4.051106
74,341.57483,386.4999,4.9951034
75,51.425724,397.20972,7.0434895
76,314.73682,456.74136,5.6564584
77,17.513685,471.48248,5.6962442
78,283.9364,529.78174,3.3949292
79,78.87982,544.5115,7.2170415
80,85.460556,557.087,7.837209
81,269.17303,557.46545,5.1972814
82,159.6373,599.8228,8.560855
83,208.31386,620.3226,5.7443285
84,148.57997,623.3083,4.8430786
85,184.18709,624.2178,6.0911417
86,251.39499,12.028405,5.1950345
87,228.03171,27.596655,7.293043
88,295.92593,72.65524,6.758394
89,306.90686,96.8777,6.509719
90,96.918304,99.6615,4.772937
91,111.72165,103.549934,6.1992774
92,50.44235,231.56082,5.609326
93,35.6505,301.39096,5.5317726
94,56.167057,375.98877,7.4323897
95,67.30247,380.57095,5.3423963
96,31.836813,508.23825,5.886987
97,194.55106,621.2047,6.544583
98,173.59294,624.4471,6.463375
99,121.08727,70.50287,5.9458275
100,82.84779,163.83363,8.015392
101,61.585495,192.95988,6.190741
102,332.53925,216.85338,4.9274898
103,38.574623,291.31888,5.802433
104,31.260214,311.81934,6.1284175
105,40.4079,321.62558,6.9429617
106,33.952507,341.70535,5.622486
107,338.23495,400.7845,8.053288
108,27.624855,487.45773,5.4511104
109,288.0853,516.7635,6.9175935
110,57.49467,561.014,6.5852404
111,103.06884,88.99017,6.553747
112,326.8002,421.4361,7.384764
113,298.24957,498.24472,6.6247864
114,229.61511,606.2004,7.1651316
115,112.29435,80.98639,6.9679356
116,81.29559,135.06839,7.504717
117,323.1303,155.9989,7.5758033
118,325.44385,169.32573,8.139419
119,63.591618,182.31175,7.3061285
120,331.80054,181.33679,8.239298
121,338.88135,202.25333,7.3246737
122,344.42535,327.6729,12.059975
123,27.382797,329.54126,6.9130955
124,329.39978,346.49133,7.248668
125,22.528126,364.8174,10.735714
126,14.97181,374.14557,8.524172
127,32.71858,404.8956,7.991232
128,17.431065,415.38654,7.3833
129,19.51849,433.22665,6.0653677
130,280.7198,526.0982,10.205012
131,275.66608,545.38135,7.2042108
132,240.31682,596.424,6.9835773
133,97.76404,606.2274,7.365018
134,219.07645,614.29407,7.9496403
135,73.29434,153.88994,8.249685
136,67.4976,171.5718,11.027935
137,335.23868,234.9889,12.583719
138,330.47253,294.5557,9.101325
139,343.71518,354.4491,10.782515
140,109.274994,612.3345,8.841304
141,161.66606,622.3217,9.302645
142,86.67745,124.014435,11.703833
143,334.44812,254.51984,10.870296
144,336.59097,267.39597,12.090563
145,327.76285,366.77988,11.0199585
146,23.526762,386.83887,10.281945
147,256.45575,575.2128,11.856637
148,285.8848,39.012737,11.025274
149,261.25,42.349,10.453877
150,151.82465,43.63957,11.86094
151,271.42996,46.81653,10.740986
152,94.94075,109.43052,12.20844
153,45.882744,244.91124,11.633361
154,339.0662,337.26654,12.253661
155,13.230583,446.0478,11.013909
156,17.578205,459.61884,10.512754
157,38.56279,530.4086,12.88626
158,45.125664,543.523,12.019048
159,67.95195,572.0293,11.914602
160,248.391,586.2484,12.436659
161,123.435425,614.6306,12.387447
162,244.7557,9.285504,12.614423
163,260.73563,10.46158,8.955938
164,239.46967,39.777294,12.096734
165,302.56815,83.15269,14.741649
166,318.11658,131.09102,13.904503
167,318.95847,143.61507,13.699497
168,39.917263,279.92798,13.708855
169,329.9258,316.2826,11.872823
170,29.008705,353.4618,13.454293
171,343.88242,378.73505,13.285405
172,322.56537,433.0684,13.897384
173,302.5209,489.2366,12.47358
174,80.159,585.32556,12.049255
175,142.23245,51.93591,13.656664
176,131.7041,56.627243,14.130658
177,314.19122,119.02195,14.7642975
178,324.45297,334.284,13.631716
179,337.91507,390.7243,14.690764
180,318.8098,446.94775,14.562251
181,307.0788,478.04822,14.6323
182,292.64908,507.77798,14.422477
183,233.83702,5.8738937,15.075221
184,98.86458,98.51781,16.036083
185,57.301327,209.26932,15.159184
186,343.1615,213.7886,16.377718
187,57.940628,239.78117,15.748092
188,27.05261,338.28833,15.513256
189,21.19028,402.35074,14.805869
190,30.030193,501.8587,14.131039
191,280.28983,535.74475,15.07356
192,263.97855,566.0215,16.22339
193,87.74,596.99963,14.934905
194,140.94359,617.63684,14.73994
195,237.81265,8.757519,19.09649
196,264.7833,10.384566,15.781351
197,275.55188,29.929953,19.98857
198,223.95184,37.685524,15.025692
199,159.52663,40.055435,16.229662
200,81.79396,146.32327,15.83437
201,54.676113,220.14777,15.851417
202,330.648,227.38055,15.426709
203,45.85171,254.95944,16.273342
204,340.84915,287.26874,16.985144
205,36.986446,290.6341,17.09673
206,329.88132,412.59366,16.4548
207,308.46207,466.44662,15.126873
208,20.386452,478.68997,14.418756
209,256.0134,12.691136,17.475069
210,267.5011,23.225609,16.869734
211,191.50252,32.86405,15.924346
212,180.54457,35.846222,17.071133
213,250.40712,40.791317,17.928371
214,122.18004,61.845768,17.744251
215,83.776306,135.25389,17.442661
216,327.41956,190.24686,17.176384
217,60.43984,199.61848,17.588776
218,335.0472,242.53023,17.995588
219,37.07482,302.0622,16.603615
220,30.938156,322.77997,17.859066
221,343.44928,363.29828,18.35073
222,24.274017,437.56622,19.283115
223,269.31613,554.84906,17.09261
224,160.44508,18.352907,17.85937
225,210.07361,35.504787,16.035524
226,170.95163,38.729027,17.417795
227,290.06757,64.439224,17.971651
228,106.43586,87.60338,18.333466
229,70.99664,162.89005,18.226238
230,335.91696,199.89293,18.691376
231,51.894737,230.16554,18.325129
232,343.7967,251.99176,20.538816
233,344.70087,309.55548,18.34058
234,34.34646,311.88187,17.821953
235,15.484892,426.04028,17.577297
236,28.05872,490.3163,18.736456
237,55.86177,552.2255,16.167654
238,114.56089,71.79477,19.334597
239,124.898834,82.065414,16.915785
240,306.08167,98.32942,18.951519
241,89.69813,119.767586,19.452164
242,64.50615,189.69403,19.118086
243,42.915764,266.3456,18.124805
244,338.4052,326.6676,19.598747
245,37.410503,348.17026,19.141867
246,335.67026,348.65265,19.208199
247,36.936554,378.01025,19.10196
248,287.17236,520.242,19.36521
249,233.51338,601.61804,19.66826
250,199.31915,621.3013,18.688984
251,151.4557,621.23615,19.478586
252,281.0818,54.64932,20.67782
253,322.3776,163.74782,19.98494
254,66.915985,178.26521,20.38465
255,325.04544,178.29637,19.882483
256,343.49094,276.04788,20.763199
257,26.01352,359.22305,21.116785
258,315.57278,457.2292,20.375093
259,186.61514,623.86694,20.186388
260,171.3695,626.4927,20.332043
261,265.2229,20.218248,24.93554
262,149.41989,46.132893,21.791235
263,132.12398,70.63738,21.496277
264,337.48795,383.8411,22.954403
265,34.621,516.8655,20.635042
266,220.61067,611.97,21.34508
267,209.60707,617.8858,21.630434
268,241.23401,31.227919,22.108313
269,140.8447,51.933697,22.95042
270,92.45776,110.1233,22.4733
271,77.82702,153.96075,21.66682
272,335.03116,263.01733,21.893097
273,44.3171,278.5229,21.19831
274,345.08392,337.64426,23.638622
275,336.8896,396.33524,23.004627
276,324.15646,424.16104,21.660007
277,24.92857,466.55164,21.424923
278,296.71588,496.83127,22.264315
279,241.99283,592.8431,22.658745
280,101.02091,606.61383,22.062347
281,130.54448,615.46606,21.457632
282,261.33694,44.286022,23.542795
283,297.24182,77.124115,23.22462
284,337.94647,222.10509,25.531847
285,342.46793,298.34396,23.425022
286,16.158617,382.1729,22.357912
287,11.458236,415.03867,24.000751
288,273.52252,544.62537,22.931599
289,114.41143,612.2232,22.7925
290,199.72649,35.651962,23.174831
291,229.50682,37.580025,24.398933
292,142.65695,64.09277,26.394928
293,318.0961,139.30011,24.111193
294,320.25107,152.33446,24.44923
295,33.44735,332.22427,24.052261
296,317.3069,436.7262,23.820866
297,22.36693,452.78253,24.539782
298,308.20242,467.61197,24.660122
299,302.34772,483.37418,24.62077
300,291.77863,507.5872,24.882479
301,258.12927,572.23376,23.843487
302,75.06057,580.1018,22.496323
303,243.6404,8.44808,27.778181
304,99.65589,101.50242,25.033924
305,84.85649,128.64351,24.948275
306,332.16656,208.61325,25.758736
307,59.211254,212.35909,24.66503
308,47.13167,292.9954,25.601748
309,344.32037,318.89148,26.608822
310,335.68237,357.83328,25.226881
311,22.883383,369.22952,24.819672
312,342.11887,373.1078,26.06226
313,11.635723,396.26086,25.28797
314,313.16257,446.24817,25.566484
315,29.300669,479.90588,26.30913
316,32.302036,500.72128,25.649706
317,38.90768,530.09235,24.307604
318,45.97577,543.91534,25.556442
319,60.09634,561.7344,22.779106
320,65.63356,572.5535,24.424345
321,91.25916,599.49,26.10384
322,258.86734,11.298998,27.74344
323,212.572,41.886135,24.146685
324,314.80737,120.75951,26.178728
325,82.35499,142.45883,26.623512
326,55.29989,223.0859,26.736982
327,53.4106,237.6424,26.315006
328,48.993954,246.63557,26.292315
329,45.903553,256.75012,26.864096
330,323.04184,283.6231,27.77128
331,37.422405,301.3313,26.661291
332,36.57423,313.8136,26.107172
333,332.14087,406.57538,24.56294
334,250.1036,583.64777,25.84257
335,173.07362,37.598366,27.426958
336,162.23169,40.581753,27.764587
337,131.20897,53.642475,27.204092
338,114.11544,81.561325,27.398268
339,310.3414,109.64638,25.514591
340,331.2342,248.65031,27.652098
341,340.18356,289.20404,29.161272
342,28.988087,342.3586,27.610008
343,27.101263,425.32092,27.610878
344,280.93585,525.7635,27.762583
345,216.72433,40.387833,29.100994
346,272.52515,47.880634,28.386705
347,106.153465,89.562164,27.85679
348,71.85118,161.34882,28.635544
349,72.44224,174.71909,26.927736
350,324.11017,186.46806,28.23189
351,341.91687,237.64122,31.129683
352,337.3054,328.52295,29.239616
353,326.7943,416.4387,29.132177
354,275.04205,533.6687,28.375042
355,265.49207,554.45544,28.382172
356,82.89049,588.2247,26.932102
357,123.129265,63.47317,29.097073
358,323.28513,173.8118,29.553343
359,62.68977,192.95305,29.079933
360,61.362534,202.94485,28.889702
361,46.261864,268.0069,29.711388
362,344.06934,268.4177,31.909637
363,46.746273,277.87585,30.111061
364,332.57806,309.8285,27.873882
365,342.97165,347.53314,31.47788
366,34.220173,404.9167,28.01733
367,24.57276,440.1566,28.791037
368,226.92297,605.7965,28.657991
369,159.71806,621.70374,27.778667
370,184.17877,37.916824,28.601492
371,290.15045,67.75824,30.3377
372,304.66873,92.70507,29.79239
373,77.92071,151.43816,31.15179
374,340.57977,256.31143,33.50179
375,37.513386,287.26767,30.47132
376,35.935623,324.36395,29.11674
377,322.5329,429.7447,30.610023
378,249.19783,39.928257,29.921764
379,154.13246,45.38408,31.000492
380,97.63533,113.01136,30.446796
381,67.22637,184.48657,31.701992
382,327.4084,215.34969,31.698952
383,338.4607,279.74396,34.85478
384,37.567665,362.08948,29.348082
385,340.19153,363.13412,34.75601
386,336.4185,385.96198,32.52045
387,228.81664,517.1891,35.460556
388,197.53421,621.34576,31.115755
389,178.88423,622.54816,29.955473
390,89.78815,121.98494,32.049564
391,313.5701,130.56044,31.762432
392,85.81731,134.98077,32.884617
393,320.37384,162.95091,32.52799
394,326.5605,198.83366,32.13807
395,334.1659,228.90675,33.986214
396,28.80885,378.5668,32.359734
397,337.86,398.50406,32.731255
398,29.51585,468.99622,32.799793
399,285.80792,516.4089,32.302326
400,243.87491,523.72394,37.377945
401,259.8774,562.4576,32.560844
402,253.47775,575.37024,32.95286
403,107.61706,606.7897,32.82903
404,123.13089,611.77264,32.23339
405,138.15889,616.2693,31.079697
406,238.2831,31.444382,34.418644
407,257.80795,47.07927,34.223217
408,143.93887,52.24452,33.67124
409,79.794716,167.93431,32.87897
410,57.73805,231.74622,32.996113
411,34.021458,351.66397,32.095547
412,30.274765,390.4919,32.75674
413,310.76886,460.51324,32.74089
414,31.626812,489.45258,33.809784
415,36.900482,519.54895,33.266453
416,41.4274,532.2157,34.716022
417,266.1614,542.5759,32.311066
418,53.86238,552.47485,32.460888
419,235.00232,598.4729,33.65354
420,280.406,56.908947,35.02168
421,116.12397,73.369644,33.879215
422,299.01605,84.05521,34.01253
423,104.05508,97.59763,33.562584
424,317.29495,141.94922,34.935272
425,58.320995,215.33224,34.3463
426,342.25272,299.09277,36.77871
427,341.33487,374.63672,37.666473
428,313.61716,450.74954,34.16771
429,306.0064,470.86386,34.56647
430,298.32974,489.09036,34.529854
431,292.08673,497.27,34.46825
432,214.45535,614.04443,34.03015
433,199.10097,32.730003,35.53601
434,307.38937,103.48085,35.59204
435,41.54143,307.6013,34.668545
436,327.1112,354.71228,34.756786
437,24.65595,416.43283,35.81862
438,317.49207,438.96555,35.63516
439,28.401276,455.86838,35.730938
440,299.0626,478.9289,35.63195
441,35.45053,507.91663,35.28936
442,61.6072,564.01263,36.001
443,150.0897,617.03485,32.95914
444,227.61363,33.87097,36.232544
445,203.29254,52.179047,37.379013
446,37.22714,316.69983,36.6839
447,341.52005,322.61298,38.527447
448,336.60327,333.90173,36.876694
449,32.278927,336.81122,36.52018
450,32.715675,369.85464,36.568645
451,35.60971,429.64642,36.789204
452,289.49686,506.94345,36.601887
453,243.93414,589.12866,35.636932
454,167.33904,619.2858,34.628075
455,210.10965,32.149597,36.304295
456,184.49274,35.865322,37.209763
457,172.94595,40.930355,35.868504
458,97.71195,106.14312,37.9791
459,54.007828,240.63258,37.634052
460,48.714287,262.14145,37.2445
461,38.718918,297.46298,37.54572
462,257.00436,14.285292,38.261204
463,249.29164,34.530926,41.100998
464,151.38937,43.967636,39.15459
465,310.27982,117.2408,38.318466
466,316.80917,152.93782,38.298073
467,72.9629,176.637,38.751392
468,323.46936,189.30238,39.03636
469,50.313583,251.11246,38.785168
470,328.6704,252.48253,37.564053
471,333.34985,293.50842,39.01163
472,343.98703,310.90195,42.077293
473,36.7394,327.4916,38.896645
474,326.8563,407.0551,37.635334
475,317.7003,416.15372,38.588608
476,69.996155,574.7049,37.385773
477,91.14279,595.3872,37.9059
478,187.17899,617.2436,36.168972
479,272.36816,30.20858,38.436417
480,219.69221,36.92857,38.819977
481,269.98398,46.61639,40.894516
482,229.91351,53.426445,39.95921
483,134.31601,57.405933,39.00349
484,127.379715,67.94215,38.707066
485,110.134926,87.04946,38.68807
486,318.53665,180.1714,39.79196
487,64.82257,194.42213,39.17526
488,62.578583,205.07033,38.881725
489,337.91534,265.6571,42.048355
490,46.12892,281.30023,39.00795
491,339.20557,344.24927,41.736073
492,328.28464,389.44452,39.273422
493,24.253893,403.47955,39.235966
494,28.324722,442.2949,39.949875
495,223.80038,605.3091,40.110413
496,94.83702,116.50426,40.861443
497,81.38934,146.17401,39.41164
498,323.17056,208.01537,40.458702
499,38.50297,344.99127,39.793663
500,29.985126,356.2169,40.50048
501,81.28033,583.66125,39.004757
502,165.52454,39.895096,41.44236
503,80.28655,159.0889,39.994488
504,327.47992,221.67178,41.328667
505,59.385998,224.23772,40.37336
506,326.77203,242.90561,40.766552
507,335.07855,379.94675,43.009964
508,321.72824,425.77704,41.493896
509,33.599747,477.69278,40.922245
510,35.47015,497.71194,41.55373
511,270.0507,530.1568,38.25797
512,202.71214,615.4632,41.47787
513,191.89066,37.99641,42.52434
514,289.53873,71.81215,41.789875
515,89.90213,127.06187,42.543102
516,86.452965,137.6255,42.24524
517,318.17706,169.05475,42.77462
518,43.820732,290.05142,42.511898
519,31.9818,381.4368,41.694305
520,278.33,520.6897,41.255844
521,46.655376,539.8754,41.498055
522,252.12917,570.51965,42.642784
523,244.88307,9.839146,42.397095
524,212.13303,40.330715,44.176907
525,326.71146,233.15791,43.350693
526,46.651764,271.72894,42.498352
527,323.59818,369.7656,41.930515
528,311.77463,445.1734,43.317696
529,307.80023,457.44254,43.273224
530,258.4684,561.9155,43.03503
531,114.00333,602.17096,43.30938
532,175.47832,618.6066,44.371822
533,178.02364,45.54048,42.999565
534,118.659775,80.31466,43.58534
535,104.81786,98.09481,44.19511
536,312.20016,130.56065,43.982853
537,69.55861,184.90286,44.494194
538,61.83241,215.22264,43.854053
539,339.9027,329.77768,48.305984
540,327.3388,396.68597,45.11588
541,265.02985,539.518,42.05969
542,55.01088,549.5045,44.10192
543,264.0311,551.4375,43.771805
544,249.54092,548.391,43.513958
545,247.1441,580.4877,43.807125
546,100.74859,598.43933,44.13012
547,126.77794,605.56665,43.041107
548,150.01237,613.5832,43.141354
549,143.50626,52.73002,45.24449
550,294.77167,81.97026,45.711693
551,301.18488,93.62465,44.769108
552,337.0933,284.58002,46.80501
553,39.96324,313.3234,45.378265
554,29.329187,392.11804,44.81408
555,323.97934,407.33774,46.075245
556,26.072855,426.36877,45.10993
557,292.53937,492.84888,45.795475
558,40.56183,518.2515,45.32327
559,237.36974,589.19336,46.126846
560,138.3588,609.94385,42.98463
561,254.6464,47.02547,46.04314
562,312.01306,142.08601,46.201744
563,321.1152,196.83672,46.094555
564,57.563965,233.06152,46.311035
565,328.09158,316.58246,44.70269
566,31.629927,463.9058,46.17014
567,302.85257,471.51688,46.14588
568,297.97855,482.50073,46.37884
569,197.31364,522.0365,45.501095
570,162.01883,615.6751,45.26794
571,187.12247,616.7037,47.160355
572,222.70018,38.01063,48.294067
573,281.72693,63.761654,47.174595
574,303.5196,106.84754,47.81985
575,66.66022,205.0508,48.07376
576,332.91702,255.54414,47.562763
577,43.009773,302.75702,47.183945
578,338.7922,348.75818,49.47513
579,334.62967,363.05865,47.72122
580,33.726486,363.87686,46.746933
581,29.649094,412.97046,46.89584
582,314.8597,434.36105,46.881294
583,287.2407,503.17096,46.86501
584,139.1015,584.95685,48.46886
585,154.10349,50.33408,47.818913
586,305.6649,119.73501,48.64638
587,80.53995,155.84091,48.88774
588,315.1221,158.88133,48.371624
589,74.849434,174.10686,48.09444
590,68.538635,195.0309,48.699482
591,54.984196,242.8965,48.912804
592,58.52721,253.46033,48.119614
593,50.364586,262.13336,48.659897
594,331.62192,273.33493,47.707535
595,339.96448,303.6132,50.451115
596,45.032703,322.35864,47.84146
597,323.4542,338.59515,46.203266
598,30.940517,450.34262,48.019714
599,230.6685,598.01794,47.951572
600,269.3244,54.595276,48.880314
601,126.27564,71.68974,48.632908
602,85.51126,147.4662,49.66609
603,323.4217,217.09605,49.751415
604,36.87073,331.52493,49.05725
605,35.44894,353.37668,49.22784
606,33.57355,373.7294,48.78963
607,323.82666,385.8794,49.40556
608,86.76911,586.176,49.62545
609,210.04305,610.48303,48.901005
610,185.41191,40.59312,51.110737
611,234.109,35.93705,50.908863
612,244.70525,40.603477,51.177475
613,134.73805,62.38203,49.224857
614,111.57936,90.20442,50.13354
615,318.88995,227.08626,49.572872
616,46.740093,280.62598,50.630215
617,36.79585,342.82547,50.13478
618,35.550823,401.3221,47.92136
619,36.623093,487.71167,49.80269
620,46.355736,530.03357,50.468906
621,64.693016,564.80896,48.787586
622,75.089645,575.15936,50.16215
623,204.38791,40.752914,50.70333
624,103.68512,105.801636,51.195473
625,96.91302,118.53255,51.1238
626,81.474365,166.09396,50.66097
627,81.46272,182.66235,51.82625
628,64.270615,214.28687,52.689896
629,61.336937,224.3967,51.984543
630,54.45685,272.52383,51.292698
631,331.59497,294.17914,51.37785
632,268.0585,525.70123,48.641743
633,146.61046,575.77606,58.321358
634,218.94435,604.01483,51.52093
635,176.10295,43.196415,54.11244
636,163.71121,45.225037,51.846775
637,95.22999,129.44687,51.912666
638,89.56002,137.40767,52.666664
639,316.47586,177.82755,52.530945
640,314.44482,188.44919,51.745743
641,320.10538,207.5068,52.34792
642,325.68774,247.0816,52.212746
643,46.599384,292.72855,52.2373
644,336.89832,324.32306,54.613808
645,326.164,375.99615,52.575012
646,319.40036,414.4522,52.55591
647,315.00958,424.46802,51.478996
648,32.851025,438.22888,52.147697
649,303.18185,462.1196,52.179405
650,35.101208,474.12607,52.531605
651,39.91237,501.9358,51.984814
652,274.95575,518.72327,51.696983
653,250.3077,564.18036,51.99948
654,244.94081,14.812458,53.453182
655,195.05261,44.230698,53.729137
656,322.96326,354.8301,52.42355
657,311.03934,441.9809,53.394154
658,281.51648,509.21304,52.7851
659,195.12566,527.8043,55.96466
660,59.979572,554.3395,52.51119
661,257.40317,555.8187,54.125687
662,285.62067,76.78547,54.927353
663,310.88837,149.207,54.396084
664,323.2959,236.19234,54.552654
665,43.25232,313.1128,54.66684
666,325.55035,313.5934,54.117386
667,49.58226,331.0398,53.660217
668,33.3299,385.61856,53.836155
669,321.27887,401.9578,54.43377
670,292.02142,479.4836,54.350803
671,261.3485,532.99524,50.547142
672,245.04951,574.58716,53.590702
673,215.28609,42.128464,55.50702
674,306.8373,132.74483,55.464302
675,65.10867,242.98825,54.95561
676,34.973907,423.5754,54.239048
677,306.63968,451.44998,54.79815
678,96.72903,590.37195,55.056976
679,109.82432,593.4151,54.26272
680,198.92009,610.59814,54.94429
681,238.30981,46.57671,57.37059
682,295.30597,93.83622,56.23439
683,312.46783,167.26532,56.44766
684,326.36972,284.8328,55.52719
685,325.93607,333.5723,56.528595
686,36.00205,456.87634,56.61851
687,122.977005,598.66534,53.757893
688,225.57463,50.745697,54.749207
689,258.9258,57.34551,57.235558
690,143.12045,59.138668,56.64489
691,119.00567,83.481735,56.892437
692,102.53866,114.347565,57.928265
693,316.14703,198.01677,58.00192
694,72.07258,200.33463,56.535004
695,56.04112,255.54518,57.77462
696,324.49625,262.99124,55.76085
697,325.22052,274.03204,57.1589
698,327.77307,303.54318,57.485115
699,36.960773,359.50406,57.580334
700,34.53518,369.1844,58.52208
701,34.54646,409.95926,57.005714
702,45.918358,518.0678,57.562847
703,256.00714,542.1272,53.876026
704,235.83684,582.0491,57.520714
705,136.61331,603.2285,54.322605
706,147.51414,608.76965,54.763615
707,160.3316,611.8865,56.18793
708,187.84372,613.2006,56.518017
709,248.7339,49.733906,58.78617
710,274.79843,65.09986,58.619976
711,86.8724,155.98369,58.09949
712,78.33981,174.97998,58.4947
713,74.47875,189.5832,58.575523
714,318.93588,223.61433,58.57001
715,63.826084,232.0644,57.897476
716,55.02202,266.8812,58.560165
717,48.794617,304.56686,57.35646
718,41.419163,323.3092,59.206863
719,40.505795,336.8563,59.204517
720,325.17865,367.96402,58.423737
721,34.53196,397.12457,59.2853
722,297.61142,470.20612,58.374134
723,230.18398,591.29297,58.00449
724,152.35005,51.49708,59.245377
725,126.41914,75.258026,59.04203
726,110.89002,97.67613,59.192097
727,301.78616,121.571144,59.868774
728,92.75409,143.66907,59.43035
729,53.41814,282.62482,59.39284
730,328.27682,345.3993,59.25622
731,40.150345,348.17505,58.96983
732,320.73334,392.23502,58.66618
733,296.7425,458.489,60.120422
734,290.5221,487.9989,58.55232
735,55.045746,539.64886,58.924187
736,70.914215,561.8513,59.84195
737,176.21117,611.94385,58.22032
738,298.92844,106.36117,59.645004
739,97.38386,129.44427,60.987503
740,68.508484,210.04681,60.112934
741,74.04528,220.04703,58.580757
742,321.8026,293.67963,59.084145
743,58.82965,335.64948,61.74763
744,40.299477,379.01575,59.699097
745,311.06094,430.1535,60.072643
746,284.6341,496.65396,60.013065
747,44.779274,506.12607,60.013454
748,137.48828,554.5802,66.688934
749,79.65406,234.57732,62.58817
750,323.68018,253.26239,61.060673
751,57.90083,347.39783,62.946404
752,321.15002,381.4141,60.71415
753,314.33377,419.19226,61.25736
754,37.86791,433.80142,61.33912
755,306.6474,440.2259,61.571243
756,278.0106,505.18588,62.304897
757,218.12744,597.4031,61.446953
758,164.2962,47.31522,62.365036
759,84.94828,166.07477,61.77819
760,310.72415,186.27213,62.454094
761,314.59854,211.53384,61.711655
762,52.77737,292.92062,61.951187
763,39.257027,471.64536,61.96305
764,42.481644,486.2095,62.214214
765,269.62195,516.366,60.205505
766,247.74991,547.64746,60.23795
767,87.66488,581.96686,62.029755
768,205.7984,603.0465,62.38957
769,205.59665,43.413567,63.055298
770,227.46599,49.074966,64.70245
771,214.46422,54.264893,61.190205
772,135.70642,68.460335,62.857502
773,287.9223,86.752754,63.083466
774,304.8013,143.42052,62.999077
775,308.2814,157.8086,63.305523
776,70.2644,227.66254,63.689785
777,318.4807,243.6157,63.30303
778,59.667915,248.09558,63.105713
779,326.7374,318.8923,63.141113
780,323.54266,356.67538,63.523434
781,38.036686,447.04156,63.634415
782,256.5327,535.20703,61.302773
783,63.134598,547.7371,64.21504
784,246.87971,559.09955,62.358418
785,242.04286,568.72455,62.804676
786,80.78424,570.08844,63.762135
787,307.0401,173.59476,63.924015
788,77.5016,200.66542,65.133934
789,318.9562,263.0962,64.587555
790,46.141033,359.62463,62.114933
791,53.587837,526.6585,64.13288
792,262.04813,525.1587,61.172207
793,237.36383,55.750984,63.741596
794,108.093735,109.67545,64.93439
795,87.54581,176.14615,64.43901
796,80.25152,185.07692,65.246635
797,307.78702,203.36421,64.71795
798,49.36994,315.49506,64.175476
799,324.00668,327.9437,64.71265
800,317.46292,366.47302,64.46629
801,317.4729,400.02585,65.02396
802,313.95535,409.68845,65.24296
803,37.239113,421.40204,65.839424
804,301.92,450.57712,66.05696
805,290.84866,475.6362,65.546585
806,130.84305,594.40466,63.234215
807,189.35667,604.8613,65.713776
808,174.7485,49.39968,65.47737
809,195.88135,50.551975,65.189735
810,104.73872,121.71618,66.461845
811,92.32508,151.8811,66.639175
812,312.68857,221.88766,65.81461
813,315.8475,233.39757,65.78438
814,60.241028,261.74826,66.29994
815,59.44066,273.24765,66.42013
816,316.11368,273.93643,65.2723
817,322.23325,282.42953,66.05491
818,322.05426,299.71167,66.81663
819,51.628014,303.2779,66.208405
820,324.2977,309.39334,66.012276
821,44.868275,370.35995,65.35498
822,55.582077,369.84296,65.60116
823,37.40978,388.3038,66.308365
824,39.20678,409.70068,66.66756
825,282.25342,486.22964,66.32636
826,102.53361,584.3091,65.55059
827,223.65668,588.7847,66.74182
828,167.12837,606.5037,65.6814
829,185.1968,47.170334,66.62485
830,119.92354,92.44311,67.53161
831,294.58377,113.75598,67.86924
832,99.28925,141.40613,67.3353
833,92.07031,161.82458,67.67401
834,77.425255,212.30455,67.090996
835,66.74008,239.26242,67.758934
836,48.38014,326.23972,67.285225
837,322.98782,338.85437,66.6152
838,42.217762,350.09732,68.0073
839,314.38058,389.13834,67.26497
840,40.899776,461.44077,67.12966
841,294.24582,463.8707,66.938126
842,118.81057,587.8027,64.17263
843,154.60547,601.36554,64.37449
844,276.16925,76.88416,68.657684
845,290.66742,99.625626,68.839165
846,302.10495,234.7417,65.87016
847,67.847305,303.40955,69.05669
848,45.138874,338.71503,68.56386
849,47.962368,496.6311,68.5397
850,51.865795,509.8411,68.46027
851,231.92134,579.10284,68.58076
852,142.98393,598.0083,65.88591
853,255.00758,55.59014,68.754
854,265.05347,65.399315,68.78328
855,127.39329,81.74919,68.96647
856,300.2444,135.0982,68.840164
857,137.77248,170.70671,78.336945
858,56.261326,283.13223,69.346695
859,318.31754,376.55087,69.019714
860,308.90356,420.86426,69.868546
861,305.99933,430.59778,69.55774
862,301.60724,441.39877,69.97108
863,205.50038,47.855343,72.0416
864,152.7494,57.525597,70.125595
865,115.08121,103.840866,70.77734
866,301.7314,163.75854,70.39448
867,307.16397,195.65372,70.297195
868,300.3585,248.00806,69.35426
869,316.8162,254.9706,70.29937
870,318.89734,350.01614,70.06622
871,41.91272,436.79874,71.1614
872,273.0665,507.53745,70.55003
873,72.503654,555.33057,70.734764
874,238.11589,554.40845,68.90744
875,211.08052,591.41364,70.27984
876,178.61984,599.92126,70.66263
877,143.0242,65.7114,71.45564
878,103.9977,133.02129,71.32605
879,301.67917,150.77003,71.40282
880,296.88745,224.82999,70.94135
881,66.09639,251.70929,71.366165
882,319.94348,290.45306,71.57936
883,56.192986,295.19092,71.84727
884,320.03476,319.42368,71.41228
885,41.265003,362.60843,72.59239
886,61.971203,360.64908,72.4634
887,42.36812,396.77,70.85924
888,309.98715,398.01733,72.432465
889,263.3512,515.9409,69.60852
890,249.68263,542.6114,69.02999
891,234.92006,568.7226,71.77711
892,295.49283,124.93423,72.54317
893,303.27927,186.78543,72.35728
894,82.00996,193.35822,71.9298
895,73.142784,222.7171,72.263275
896,53.92812,311.53033,72.19864
897,317.0401,361.7955,73.42446
898,41.65044,378.88165,72.85732
899,305.0404,411.0878,72.46304
900,46.102283,475.8949,72.09747
901,276.92654,496.81824,71.83056
902,93.85933,574.08356,72.08495
903,199.23734,596.9157,72.354774
904,164.52612,55.20111,72.90337
905,281.06546,89.979485,74.09331
906,91.1374,171.04561,73.46807
907,303.02008,176.28772,73.70855
908,304.64087,207.98428,73.14793
909,312.32382,239.97289,73.24252
910,317.7215,267.4609,74.50332
911,318.92212,306.826,73.86962
912,61.54997,324.94528,70.531265
913,50.90442,464.43756,73.81701
914,62.84599,531.03253,73.08948
915,219.91936,581.4454,73.77441
916,244.26154,55.498543,73.54927
917,114.41011,114.31444,74.7404
918,86.0463,183.07655,74.50741
919,308.5962,217.67352,74.009544
920,311.99084,248.90262,74.43203
921,66.76484,287.42075,72.98647
922,318.81357,329.9305,74.43955
923,317.26505,341.22552,74.90034
924,312.06296,385.3271,75.06059
925,45.825775,407.04703,74.572205
926,44.980957,425.44073,74.49087
927,294.68265,455.4528,73.862724
928,285.37625,477.35065,74.755745
929,58.837242,518.57587,74.52465
930,252.94312,531.88544,71.4885
931,69.07505,542.0813,74.26294
932,166.78906,597.8496,74.129295
933,220.56686,46.525654,75.066025
934,102.716,153.55125,74.21862
935,80.2525,204.94646,74.62037
936,309.2208,229.2636,75.97247
937,71.44548,232.36432,75.31785
938,289.50824,233.40453,77.75844
939,87.27511,246.73567,76.50327
940,65.26817,263.05698,75.40177
941,316.3912,278.79248,76.30175
942,47.15836,354.1174,75.40409
943,45.9113,452.01654,75.1679
944,287.84213,466.249,75.46373
945,50.260357,486.50693,75.34635
946,113.6289,579.62146,73.01654
947,129.3395,586.20654,72.735504
948,188.5187,595.03094,76.0924
949,231.23022,54.42892,75.52683
950,136.25186,80.50777,76.58339
951,111.15291,125.11581,76.64748
952,105.908485,144.17686,75.75733
953,97.11511,161.21487,76.06257
954,51.391026,332.72772,76.64206
955,49.441227,343.85815,76.321365
956,312.30817,372.36584,76.04424
957,295.43015,439.5245,76.599556
958,278.83362,486.96225,76.682106
959,85.15706,562.67664,76.23893
960,152.64832,591.2187,73.07263
961,177.56895,50.19401,77.24673
962,129.33554,89.844475,78.0139
963,123.32401,100.230865,77.44378
964,291.85306,135.32109,78.27338
965,80.57058,215.67596,76.321075
966,81.80517,239.70303,75.34174
967,70.692085,244.45811,77.493935
968,308.3706,258.431,77.4548
969,311.65857,313.77036,76.156845
970,47.805634,370.50626,78.39253
971,259.01,521.7218,76.44773
972,223.60631,570.4504,76.94285
973,206.96405,584.1656,77.62044
974,213.97945,55.00603,78.54929
975,251.78368,65.843994,78.86984
976,262.84497,73.8352,79.49814
977,285.40048,107.03972,77.78062
978,294.3381,149.32178,78.285065
979,305.6959,269.71902,77.43912
980,74.27975,272.75165,77.2014
981,313.80927,296.85977,77.535355
982,45.47621,390.72537,78.49611
983,299.96378,428.92874,78.22826
984,56.007626,505.5386,78.41468
985,235.96498,548.1751,76.003784
986,229.54271,558.7986,77.78361
987,191.9131,50.33151,79.11769
988,145.10338,74.91416,79.893486
989,296.29648,163.21306,79.33869
990,94.82043,191.65178,79.23801
991,130.86621,200.78215,84.316826
992,301.70428,238.63158,79.72091
993,63.591225,277.12424,79.50809
994,310.613,286.09598,79.8495
995,59.80566,317.83395,78.855286
996,313.1176,322.85202,79.5832
997,301.70053,418.02338,79.36767
998,291.2821,447.375,79.09893
999,244.29172,541.79706,78.52781
1000,197.38725,584.2598,79.18559
1001,141.74562,585.1624,76.09907
1002,154.40605,65.06942,80.659706
1003,288.40137,120.48383,80.42324
1004,96.9389,180.69942,79.5523
1005,300.92767,196.43684,79.685486
1006,86.52029,199.51259,80.715385
1007,74.98033,256.24292,79.66148
1008,60.10902,306.25327,80.288475
1009,312.5973,354.25125,80.01354
1010,306.29837,405.14948,80.31416
1011,265.89825,508.41992,80.63781
1012,202.43103,55.902996,81.65714
1013,110.97384,136.11116,80.68159
1014,289.56207,247.79024,82.57812
1015,311.9684,305.72864,81.75672
1016,53.826717,380.13126,80.35217
1017,305.72223,383.81436,81.873985
1018,46.359318,416.46402,80.81441
1019,47.240696,442.40543,81.27093
1020,276.51532,476.57153,81.90985
1021,270.12216,498.51065,81.32443
1022,79.96836,549.14264,81.302864
1023,104.47102,571.7436,80.231476
1024,212.64752,574.2886,81.39766
1025,270.98227,86.40456,82.22329
1026,98.92781,170.83757,81.67457
1027,295.80334,174.765,82.74987
1028,300.5177,219.11963,82.32832
1029,81.3987,224.0755,80.93265
1030,79.73899,233.322,81.992455
1031,61.62659,296.36572,82.1219
1032,312.77972,334.30585,82.248245
1033,308.421,343.6913,81.68786
1034,57.07319,348.8115,81.19915
1035,50.451653,359.9052,82.704834
1036,305.52728,394.19708,82.245445
1037,49.896275,430.71606,82.366844
1038,286.40805,456.05234,82.9106
1039,51.899742,469.55316,81.982285
1040,69.61427,525.7731,83.06308
1041,249.26901,531.63416,82.85223
1042,160.29318,588.07263,81.25568
1043,168.92085,60.446404,84.04975
1044,239.92664,64.1343,83.38996
1045,120.15519,119.85062,83.81198
1046,294.9776,184.77458,83.33196
1047,298.5536,207.95277,82.96715
1048,301.67358,228.89604,84.190575
1049,308.54248,246.30504,84.095695
1050,60.524742,336.822,80.96972
1051,305.34796,373.37457,83.41783
1052,56.792923,493.01984,83.37963
1053,75.01406,537.15466,83.65378
1054,97.333176,563.8363,82.78315
1055,185.76778,585.8469,83.52606
1056,173.90538,587.75165,83.04286
1057,182.94246,58.376293,84.37859
1058,132.36823,98.05491,84.82365
1059,274.0172,99.21088,84.96205
1060,125.432396,110.60323,84.21536
1061,285.96573,144.15408,84.28299
1062,109.884445,151.73682,82.07996
1063,109.721016,163.30882,79.91297
1064,88.0775,209.40765,83.73461
1065,138.91731,303.41452,85.19665
1066,310.52893,314.4197,85.58973
1067,48.982044,402.83966,83.57536
1068,117.50319,570.2103,81.50687
1069,128.93607,576.823,79.90644
1070,227.59348,60.85829,85.43909
1071,69.360954,288.0983,83.95152
1072,310.20126,295.47824,86.134384
1073,307.34006,362.91672,85.24439
1074,293.28894,435.14313,85.70173
1075,58.419044,480.25787,85.50018
1076,272.0345,488.3811,85.11373
1077,216.58817,561.9128,83.74392
1078,260.32635,85.445465,86.95664
1079,288.4,158.55254,86.15438
1080,80.10277,243.98618,86.50857
1081,307.64554,265.7419,86.83635
1082,54.5196,368.79514,86.02376
1083,294.4158,413.71713,85.974884
1084,282.31592,465.24777,86.336945
1085,66.702194,514.13635,86.40857
1086,252.17442,520.2029,86.64858
1087,230.53781,544.29395,84.617455
1088,90.79257,553.0915,86.63838
1089,143.55351,87.21916,87.40978
1090,279.956,113.860146,87.98973
1091,281.4684,128.28728,86.78517
1092,119.47121,130.26556,87.017624
1093,303.98337,256.08694,87.23998
1094,72.28314,264.15326,87.12408
1095,305.9639,276.58878,87.52157
1096,62.34878,323.72946,86.94669
1097,305.7614,351.33194,87.8537
1098,51.618824,389.14682,87.44942
1099,295.87537,423.61194,87.298294
1100,52.280422,455.08536,86.82637
1101,256.9044,509.672,87.45087
1102,220.19821,549.77167,83.23949
1103,196.70886,576.1764,87.52643
1104,162.74261,70.30358,88.82408
1105,153.69533,79.02094,88.61764
1106,118.18505,141.89767,87.00879
1107,110.22283,175.40599,83.94106
1108,97.0687,186.9343,89.127846
1109,293.25348,197.05214,88.044044
1110,89.21446,219.45872,86.82218
1111,64.60476,312.86136,87.86446
1112,307.9556,325.44403,88.29286
1113,303.48328,337.01544,88.81781
1114,299.24628,403.7061,88.40758
1115,287.53613,443.75583,88.86226
1116,273.48276,469.3958,88.93629
1117,62.853176,501.75455,88.22052
1118,206.00734,567.4764,87.80155
1119,148.29901,578.6714,84.35787
1120,134.26712,108.230774,90.328896
1121,270.58167,154.50993,89.62139
1122,94.76663,198.75072,89.01688
1123,86.546524,231.64049,88.089874
1124,102.32712,235.29485,87.77997
1125,301.54794,298.84195,88.74491
1126,139.4467,299.40744,99.430176
1127,58.516678,356.9873,88.729485
1128,300.46906,380.71848,89.76191
1129,53.38846,414.6633,89.45946
1130,240.32849,535.3242,89.55233
1131,248.59215,78.38183,89.788795
1132,287.46115,170.36787,90.04982
1133,112.14796,189.67355,84.284775
1134,294.82764,234.62457,90.06655
1135,298.47263,244.6233,90.966934
1136,78.40986,254.06552,89.826096
1137,72.3645,277.36618,89.36169
1138,303.9623,287.1806,90.28291
1139,70.65471,298.41794,88.3444
1140,59.297066,343.5619,89.73921
1141,55.88424,377.47104,90.74842
1142,299.44025,391.1543,90.43181
1143,54.83596,399.81058,90.54509
1144,54.651024,438.27005,89.74435
1145,262.23572,499.95056,90.642265
1146,88.524475,541.2923,91.0732
1147,103.02472,555.5408,89.34934
1148,136.73494,569.37714,84.502045
1149,162.70638,579.59644,89.004036
1150,217.05525,61.162727,90.62957
1151,204.10103,63.02109,91.66617
1152,118.965385,154.09665,87.08602
1153,113.50338,164.5578,88.43067
1154,282.8665,207.57294,89.192955
1155,96.80768,208.94838,89.64779
1156,292.43454,212.37175,90.76279
1157,290.56732,224.25206,90.195404
1158,297.8834,268.67828,91.23107
1159,62.84155,333.18198,91.00952
1160,54.39107,426.0515,91.35918
1161,279.964,455.2287,91.67124
1162,57.42266,467.84305,91.70413
1163,79.19497,529.59894,92.13643
1164,180.31152,576.2392,91.20802
1165,191.98792,64.29272,92.08319
1166,178.69252,69.18497,91.84885
1167,236.35854,72.38834,92.538704
1168,141.76675,98.26414,92.14227
1169,280.82004,139.62706,91.68972
1170,281.11426,180.45557,91.43818
1171,287.37753,187.66553,92.405945
1172,101.919106,219.1913,88.11067
1173,305.7748,308.80667,92.37147
1174,63.293232,365.94736,91.64794
1175,302.6793,369.35312,92.85118
1176,286.0849,430.77005,92.629715
1177,271.0256,478.39328,91.95503
1178,264.32635,488.15796,92.43054
1179,135.30411,118.02674,93.35634
1180,128.06367,125.84782,93.10523
1181,282.7493,152.33862,93.351105
1182,109.35653,202.98975,88.558975
1183,78.32948,271.41644,93.535324
1184,74.5464,287.43396,92.188866
1185,70.91288,306.46402,93.05745
1186,63.73055,386.80936,93.35909
1187,58.470657,446.9073,93.26174
1188,243.81859,523.45233,93.03616
1189,115.008995,559.41724,89.66811
1190,213.06236,72.90404,95.059746
1191,259.39178,96.80389,94.70495
1192,266.82385,108.93975,93.99666
1193,273.38153,122.52501,95.003876
1194,109.39895,180.89037,93.65324
1195,86.2341,245.07202,93.338776
1196,297.0389,257.362,93.87565
1197,82.15226,262.9555,94.09678
1198,300.84518,317.76038,94.19067
1199,300.52548,327.63568,94.24777
1200,64.24478,350.99637,93.366394
1201,292.21945,409.6555,95.27234
1202,288.62607,419.90707,94.20657
1203,210.14879,549.8307,90.14764
1204,126.86848,561.1915,89.56365
1205,191.86446,567.7727,94.14824
1206,271.37842,135.44308,94.6949
1207,284.04752,198.11127,95.033424
1208,296.001,284.52167,95.046875
1209,301.00424,345.25464,95.57454
1210,300.83456,356.67377,95.31331
1211,65.69313,489.78094,94.42223
1212,70.99777,501.99554,95.899055
1213,77.10545,515.4151,95.767204
1214,230.68613,538.69965,94.9195
1215,201.36948,557.2593,91.61247
1216,145.83768,567.2312,92.00692
1217,156.30453,571.4343,95.12135
1218,224.30063,73.180374,96.284035
1219,170.43634,76.95071,96.83843
1220,160.24113,85.47077,96.16023
1221,152.05074,95.82683,96.95122
1222,125.98512,138.70978,95.06579
1223,91.54457,226.61615,96.431366
1224,113.56847,240.66104,98.12768
1225,58.890133,407.59412,96.24313
1226,276.0696,447.35355,96.152306
1227,61.80331,457.77115,97.07754
1228,270.89685,465.16406,96.5668
1229,253.46078,498.6497,96.6268
1230,250.05919,510.8523,96.43908
1231,218.60985,541.583,93.134125
1232,169.23221,570.2378,96.10941
1233,146.33542,107.39624,98.419945
1234,121.62263,162.19261,93.43337
1235,280.01956,163.20671,97.36685
1236,119.64114,175.73337,91.93224
1237,91.34975,237.73317,97.12902
1238,296.11963,309.6459,97.89804
1239,71.695,317.11874,97.44304
1240,292.96774,397.9417,97.654785
1241,68.461006,469.05814,97.76255
1242,201.89615,74.7085,98.78946
1243,291.6479,249.11021,98.78371
1244,97.488365,251.63748,97.23002
1245,86.34338,253.84082,99.267204
1246,81.43579,281.6467,98.932594
1247,77.06395,295.81863,98.547966
1248,299.26715,299.52478,99.02055
1249,68.59518,327.85907,98.09394
1250,67.18167,341.28357,98.14663
1251,63.004654,376.71664,98.36246
1252,295.22388,376.91354,98.70211
1253,61.197304,394.6742,98.76949
1254,60.577564,422.4002,98.58262
1255,61.56045,435.74347,98.66429
1256,279.8761,438.0907,98.152405
1257,66.3598,478.7595,98.419464
1258,238.77986,514.71893,98.36249
1259,99.728386,541.9734,98.4108
1260,111.654076,549.39075,96.67243
1261,187.0608,77.360146,99.522644
1262,235.79121,85.02441,99.65865
1263,247.51283,89.96805,100.067856
1264,271.3874,145.84747,99.84873
1265,126.624695,152.4924,95.60771
1266,277.16278,173.3287,99.46951
1267,110.42419,189.09633,98.90472
1268,286.7349,219.07326,99.19139
1269,291.28198,236.6816,100.24311
1270,295.36725,273.9184,99.040215
1271,298.03683,334.5678,99.46287
1272,294.37668,365.40558,99.49855
1273,293.06552,387.19278,99.610725
1274,235.29494,526.2661,99.34735
1275,180.61682,563.019,99.127975
1276,137.65007,559.8374,95.49502
1277,142.68542,119.30831,100.492805
1278,135.95844,133.20566,99.56127
1279,102.70985,209.20985,101.366844
1280,113.89882,217.48051,96.376015
1281,103.02373,221.99724,100.60596
1282,280.5074,231.53886,98.25952
1283,282.1898,242.15314,98.50151
1284,291.94745,262.57504,100.252884
1285,66.89624,357.5984,100.73334
1286,70.08502,367.09628,100.899216
1287,66.799126,413.70645,100.31975
1288,263.27948,475.60605,100.44599
1289,257.95795,487.50003,100.990524
1290,88.88055,526.3592,100.2169
1291,223.86752,532.0717,100.10494
1292,223.55804,85.54069,102.02145
1293,173.27902,86.90628,101.655205
1294,163.07,95.3806,101.649536
1295,261.75797,121.23166,100.85203
1296,271.25784,156.99641,101.739624
1297,275.4941,185.404,101.16846
1298,278.5566,206.46376,101.86688
1299,129.79367,216.4942,100.37957
1300,78.24781,307.84897,101.482796
1301,294.8573,322.97232,101.80304
1302,292.64655,351.646,101.14317
1303,66.55147,447.86075,101.754135
1304,202.1271,548.1219,98.582596
1305,192.67526,555.55493,101.24063
1306,255.66376,108.78801,102.16855
1307,264.2138,134.99292,101.857735
1308,112.37832,200.05481,100.962204
1309,275.57056,216.93718,102.05298
1310,85.520485,270.4775,102.3593
1311,288.65775,303.07358,102.0798
1312,284.1519,414.75244,102.45146
1313,281.02823,426.34332,102.787445
1314,68.41527,426.86032,103.02881
1315,270.55267,453.88483,102.322914
1316,123.58763,550.10803,99.21413
1317,133.08437,145.45534,102.098015
1318,126.02777,169.26094,99.49057
1319,276.4669,196.54747,103.011116
1320,98.22289,232.0311,103.48016
1321,284.38998,258.16876,103.12705
1322,290.7484,280.82523,103.79193
1323,293.61044,292.66632,103.890884
1324,77.04921,374.68774,103.012764
1325,65.64026,402.66577,104.01194
1326,285.75986,403.5904,103.458176
1327,270.33636,429.71127,102.520706
1328,263.68213,464.2187,103.76632
1329,74.90245,489.2825,103.309296
1330,80.72281,503.00052,103.26131
1331,244.2503,503.95645,104.228836
1332,211.97592,539.2798,101.62549
1333,167.22568,559.54535,102.8515
1334,152.44054,561.00525,102.49367
1335,196.65497,86.06374,104.8787
1336,125.39582,181.61963,98.57584
1337,91.625305,262.9304,104.61683
1338,283.995,289.59015,103.37305
1339,77.87299,325.1309,103.50527
1340,74.34925,335.86044,104.08339
1341,293.11444,340.97586,104.528465
1342,69.178535,382.49725,104.23744
1343,269.7246,442.70792,105.191864
1344,88.91916,514.56946,104.18029
1345,135.75275,551.9722,102.04999
1346,210.09401,86.579666,105.24564
1347,182.34483,90.80285,105.68629
1348,171.37791,101.81835,106.30717
1349,243.66438,102.01772,105.03048
1350,161.24084,107.819176,105.28313
1351,152.42476,117.32476,105.62476
1352,146.37631,129.24637,105.462616
1353,132.26459,160.74875,100.98323
1354,267.15683,167.52946,105.53689
1355,109.53847,229.58243,103.92134
1356,74.029045,347.22922,105.320465
1357,76.55255,401.2149,104.19095
1358,247.36375,493.43298,106.24726
1359,234.85902,507.6426,106.22295
1360,100.97697,528.6428,105.72833
1361,201.43855,540.66345,105.00845
1362,180.99657,552.32935,106.238
1363,249.78441,118.91055,107.892204
1364,267.18628,177.96123,106.46194
1365,120.108635,191.424,102.82142
1366,96.88568,244.42899,106.376915
1367,286.55606,270.76346,106.07753
1368,89.402084,278.29605,106.81344
1369,87.64,288.824,105.79943
1370,84.50584,299.56754,105.70817
1371,291.39572,314.68353,106.73902
1372,76.99354,358.56726,105.87513
1373,288.0687,371.63242,106.41926
1374,282.516,392.83615,105.65285
1375,72.58277,464.1566,106.466576
1376,229.13469,519.4491,106.674446
1377,112.73172,539.2011,105.99762
1378,230.08513,97.58814,106.86006
1379,254.3447,130.20752,107.77414
1380,143.0462,140.62816,106.62559
1381,141.41322,154.93889,103.707405
1382,262.4899,155.41933,106.91865
1383,280.1695,225.48357,107.70635
1384,283.08624,249.33652,108.276596
1385,109.304054,253.56085,105.09051
1386,81.767494,316.07312,107.099945
1387,288.27142,331.3619,107.58996
1388,100.29446,330.66443,107.39428
1389,288.45688,358.60602,107.38954
1390,286.26056,381.96817,107.4337
1391,71.44701,437.58804,107.017296
1392,254.42331,467.61786,107.523254
1393,257.5737,143.27817,107.90934
1394,266.01285,188.32509,108.74679
1395,116.69896,211.02612,106.77512
1396,105.22222,239.01958,109.22349
1397,123.58827,259.63596,107.65443
1398,280.9672,281.46664,108.66516
1399,283.713,309.20822,109.17397
1400,285.19974,347.00598,108.76844
1401,73.096085,392.20535,107.69608
1402,275.59012,417.8325,108.9645
1403,75.58382,421.65826,108.616646
1404,74.97659,451.84058,108.41323
1405,78.53152,476.8757,108.071526
1406,252.35637,479.0217,107.86676
1407,84.66393,492.77426,109.10262
1408,217.57906,525.2404,108.17557
1409,190.03796,543.97296,108.4459
1410,158.0136,551.7559,108.73044
1411,215.67795,99.30665,109.71511
1412,238.94508,113.06569,109.91971
1413,131.54306,174.89757,107.28428
1414,134.98843,187.5153,102.11864
1415,276.52005,234.59108,110.04353
1416,272.613,244.11903,109.285225
1417,97.760666,256.74475,110.15066
1418,277.41568,407.17517,108.778435
1419,72.86106,412.2606,109.96394
1420,99.403564,512.3222,110.07495
1421,127.5115,540.41846,109.653015
1422,190.17764,97.56837,110.48968
1423,224.71762,109.30444,110.79192
1424,160.51639,122.996506,110.5627
1425,251.93503,152.59283,111.035446
1426,255.92354,165.19197,110.858765
1427,139.02193,167.68527,105.915695
1428,267.20062,199.56808,109.963486
1429,119.40882,202.09975,108.679794
1430,99.79844,270.28137,109.45949
1431,284.88123,298.78824,110.98266
1432,284.49582,322.45343,110.87482
1433,87.26983,325.60156,109.871376
1434,81.07013,334.095,111.22309
1435,274.58963,385.9212,110.51969
1436,261.16473,455.41666,109.936775
1437,208.16385,530.60254,110.421844
1438,145.44406,548.6834,109.903435
1439,169.88431,548.3875,110.649864
1440,202.57254,99.67541,111.45781
1441,180.35632,106.24241,111.25502
1442,254.93336,189.37352,111.43845
1443,113.58078,220.89505,111.37854
1444,279.0322,261.27112,111.11914
1445,103.3118,302.3661,107.70649
1446,89.33494,307.93137,111.35593
1447,91.18366,338.00406,110.355736
1448,281.293,365.8027,111.596596
1449,76.45972,368.31018,111.78462
1450,78.87565,429.84836,112.194115
1451,268.2885,432.8477,111.72489
1452,257.4307,446.14447,111.27901
1453,92.167366,502.85867,111.38866
1454,227.27856,505.22452,111.27075
1455,117.34865,529.38446,111.70746
1456,170.86966,116.52638,112.32799
1457,155.29066,134.61844,112.07798
1458,246.33646,136.34006,112.644066
1459,128.37001,196.25882,108.68849
1460,270.67572,211.31511,112.11036
1461,114.115814,230.98059,111.94473
1462,277.64688,272.02008,112.48435
1463,97.38969,283.43948,111.21884
1464,91.78612,296.0877,112.83984
1465,93.454025,318.25113,110.66566
1466,83.64347,345.60272,112.28445
1467,78.232285,382.60068,112.00141
1468,275.6908,397.5847,112.73202
1469,241.8382,486.22018,112.44976
1470,196.22902,533.6886,112.79709
1471,192.32863,110.07694,113.878235
1472,206.34193,112.75202,112.818886
1473,235.21385,123.8704,113.55258
1474,150.52838,147.10835,113.32761
1475,257.18536,177.07251,113.37928
1476,219.07208,184.91069,113.61494
1477,260.55713,209.93979,113.312325
1478,270.31857,223.10472,113.424255
1479,282.35947,338.73492,113.48943
1480,279.92508,354.72015,113.56268
1481,82.20116,355.94156,113.657715
1482,269.48047,408.32425,114.434715
1483,265.5628,421.5519,113.31404
1484,82.09668,461.0622,113.411514
1485,245.35081,464.8787,113.96131
1486,220.78374,514.97095,113.644325
1487,107.66554,519.1276,113.355095
1488,180.71184,538.38696,113.168976
1489,182.24734,119.33886,114.531494
1490,147.04613,160.33836,113.81225
1491,257.17093,200.72623,115.271935
1492,262.01437,229.45877,113.720604
1493,272.31952,253.54501,114.25001
1494,102.22313,313.8704,112.320145
1495,279.25208,376.33517,114.799675
1496,79.93288,441.42484,114.60184
1497,88.52746,451.04523,114.50363
1498,244.60283,474.77612,114.725
1499,89.13123,484.0656,114.763596
1500,234.50815,493.7276,113.758766
1501,217.28386,504.31125,114.61218
1502,210.40094,510.12982,114.78102
1503,158.35512,540.8539,114.68238
1504,219.4177,120.09405,115.46153
1505,168.63509,130.52849,115.63619
1506,235.21576,137.66588,115.092636
1507,161.9258,143.07246,115.87446
1508,241.95633,148.4755,115.81783
1509,245.2828,163.31424,114.97825
1510,144.86885,173.33762,115.325195
1511,124.805374,226.04575,114.32263
1512,117.46244,239.80544,113.48959
1513,107.61056,248.28697,117.3105
1514,106.803444,262.3157,115.51183
1515,113.9131,286.1995,109.95571
1516,280.006,289.53152,116.11952
1517,276.57724,301.09546,116.416626
1518,279.2496,313.5369,115.705635
1519,118.58275,311.21744,111.72752
1520,275.9237,331.51474,115.69634
1521,79.68536,404.1006,116.45306
1522,258.65732,434.856,115.37079
1523,99.4628,496.86124,115.90625
1524,207.62993,520.78314,115.63531
1525,135.76674,533.4123,115.27671
1526,169.46823,535.98425,115.39857
1527,146.91582,537.62683,115.40386
1528,245.89441,179.97876,115.31888
1529,137.56789,181.7413,115.99571
1530,123.84383,212.9874,117.24527
1531,260.50235,219.55957,117.19418
1532,269.28525,237.60535,117.96034
1533,119.86653,249.90317,115.35775
1534,264.61996,273.79333,115.56121
1535,266.07614,340.00052,115.27915
1536,93.84058,352.74472,115.73858
1537,84.64944,373.28146,116.36745
1538,82.5935,391.956,115.87183
1539,252.07474,455.8456,116.70275
1540,87.96432,471.12216,115.92821
1541,128.37239,523.36975,117.13024
1542,194.24968,123.98419,117.02907
1543,225.01805,132.52948,118.413536
1544,159.50838,153.67735,117.79512
1545,129.81152,203.02031,116.00414
1546,135.71696,214.92796,115.03438
1547,263.07693,247.02983,117.54422
1548,270.54007,263.57703,117.27432
1549,104.588264,275.48822,117.53007
1550,272.94263,281.1385,117.736946
1551,100.97978,292.86096,117.540436
1552,268.87198,292.2782,116.51265
1553,273.98157,322.75195,117.704475
1554,273.59195,368.39304,118.23017
1555,90.460785,404.41385,116.20486
1556,260.4502,411.97208,117.62516
1557,83.06313,417.3206,117.114555
1558,118.08533,516.336,118.1229
1559,194.27386,525.32434,117.8076
1560,207.19653,123.506134,118.65441
1561,181.244,130.57567,118.933
1562,172.96014,141.31476,118.71492
1563,227.00595,147.125,118.49822
1564,155.85927,173.36665,117.46507
1565,137.74686,194.40416,115.980064
1566,116.90183,266.1345,116.50845
1567,275.53363,344.80936,119.04893
1568,272.12045,358.73618,118.06361
1569,267.3566,376.8861,118.31145
1570,88.237495,382.58795,119.20926
1571,182.89989,527.31384,118.53292
1572,234.59613,157.52751,119.67929
1573,156.15773,163.0313,120.14145
1574,237.67653,172.42522,118.533455
1575,249.09229,195.82466,120.32299
1576,237.28236,203.3227,116.81707
1577,210.24535,217.73576,119.402145
1578,257.7094,238.03511,120.11501
1579,128.7177,244.5593,117.19439
1580,86.84558,363.7853,119.58064
1581,270.07727,387.73734,119.925644
1582,86.63137,430.6801,119.83518
1583,234.97598,478.03717,119.47513
1584,109.73077,493.54294,119.45854
1585,223.46739,496.61917,119.67178
1586,112.3785,505.54697,119.032265
1587,156.72975,528.3195,119.5113
1588,201.86166,132.61568,121.39943
1589,212.86757,134.86371,120.29733
1590,192.73294,137.4922,120.496704
1591,170.45668,152.90427,120.86862
1592,226.13855,165.59291,118.16678
1593,145.80647,188.55328,120.68533
1594,239.37543,189.37178,118.91717
1595,122.57415,234.27756,121.1468
1596,271.50977,310.05896,120.99573
1597,95.33641,331.64218,120.958954
1598,91.22803,343.34656,122.0663
1599,265.0209,397.63947,119.85714
1600,258.431,422.30472,120.75814
1601,99.15056,434.2031,120.54923
1602,249.81775,437.52966,120.94003
1603,90.132484,441.18088,121.3429
1604,247.35101,446.9205,121.39555
1605,100.37728,484.0621,120.320496
1606,199.22792,514.96655,120.8354
1607,143.04875,523.997,120.305016
1608,184.03123,143.5016,121.94
1609,249.62119,210.9525,121.476814
1610,261.5218,255.88953,121.2345
1611,116.573425,278.61987,118.624756
1612,266.58774,299.45316,122.71755
1613,92.09175,421.81345,121.244514
1614,93.1269,459.70364,121.48019
1615,237.21138,466.66315,121.6096
1616,97.858505,471.28546,121.678734
1617,226.52353,485.11237,121.48998
1618,169.77837,525.36816,120.99436
1619,203.07768,144.45862,122.597694
1620,215.22862,147.24992,122.06263
1621,181.05983,154.66393,122.25009
1622,167.66382,165.43968,122.32257
1623,146.85745,199.00967,122.547066
1624,138.24919,205.8081,123.10761
1625,253.29971,224.03415,122.83435
1626,249.27141,234.03944,122.1121
1627,104.25335,303.18854,122.012856
1628,260.49127,308.0019,121.30861
1629,98.45411,322.15704,122.31141
1630,103.17622,339.7576,122.374115
1631,267.8795,351.446,123.1374
1632,260.61176,357.72144,121.534904
1633,264.4539,367.25525,123.29429
1634,95.26399,370.26294,122.57234
1635,90.31584,393.6909,122.885414
1636,239.99068,454.91547,122.10581
1637,194.45877,152.37187,123.2823
1638,217.37486,159.70193,122.79051
1639,153.3865,183.21025,123.45593
1640,229.68015,185.727,121.795364
1641,132.92195,235.3157,123.494965
1642,121.82841,256.11798,123.92575
1643,262.24655,265.97238,123.9433
1644,109.64166,294.1371,123.37992
1645,124.61835,297.31052,116.13383
1646,264.9628,318.49222,123.085724
1647,257.0193,403.8095,123.1742
1648,93.189125,410.84338,124.21515
1649,249.20735,426.36288,122.50388
1650,109.03645,474.91943,123.85379
1651,212.1227,499.36865,123.67844
1652,127.20503,509.32208,123.537315
1653,188.35219,515.09955,123.4294
1654,189.4282,162.31883,124.15067
1655,216.20592,171.84373,124.785324
1656,228.54645,175.05779,126.37462
1657,162.36176,176.22179,125.81272
1658,166.07881,186.96059,124.343994
1659,145.02466,214.99602,125.704056
1660,242.14926,218.83467,123.120926
1661,134.62137,224.31447,124.77402
1662,265.80133,285.46716,125.03261
1663,104.48477,314.156,124.68862
1664,266.33557,328.94608,124.08377
1665,102.27775,349.78705,125.36779
1666,95.40494,359.22025,125.48494
1667,260.86133,382.233,125.18436
1668,255.97293,392.13977,124.549324
1669,99.43183,448.40756,124.077705
1670,226.57378,472.4328,124.77143
1671,114.3012,483.729,124.47002
1672,214.6887,489.3521,124.85145
1673,120.4833,496.53793,125.05787
1674,201.62424,505.3147,124.55012
1675,138.35918,511.90933,124.02078
1676,150.01357,514.9017,124.53823
1677,176.24512,516.6478,123.76296
1678,206.11218,156.75108,125.95307
1679,178.37967,166.65176,126.11352
1680,173.3979,177.42604,125.29702
1681,209.93219,179.88943,125.32306
1682,158.69925,193.51602,126.440834
1683,230.5755,195.96088,123.99452
1684,254.38986,248.36374,125.58293
1685,122.34662,272.86005,122.26526
1686,106.372734,329.44193,126.07331
1687,264.48062,340.3488,126.177124
1688,97.38711,378.94498,125.71166
1689,98.16889,400.6607,125.957405
1690,103.904305,458.7802,124.871796
1691,216.76718,478.56467,125.92767
1692,160.73866,517.3238,125.4829
1693,203.02765,167.34111,126.45635
1694,191.56773,171.43109,126.69186
1695,153.83707,204.17815,127.094444
1696,235.29318,208.69435,126.33958
1697,244.46133,251.41843,125.83581
1698,251.65189,260.0569,126.889336
1699,248.67459,270.48605,125.92418
1700,259.06497,275.59235,128.0721
1701,248.5769,281.58798,125.74688
1702,256.42764,288.66025,126.95421
1703,118.09893,329.49466,125.070015
1704,251.05374,412.9476,127.31128
1705,101.03314,419.14014,126.298294
1706,242.10194,419.8495,126.07254
1707,236.37843,445.11194,126.16113
1708,230.18233,459.78745,126.922585
1709,201.96991,494.43936,126.49102
1710,191.13518,502.00565,126.063255
1711,167.79077,509.2597,126.167534
1712,199.10443,178.85593,127.27845
1713,184.16252,179.48509,127.16359
1714,231.4501,219.49712,124.68748
1715,242.69176,228.23653,128.34384
1716,141.99455,239.42427,126.479706
1717,128.57397,265.1984,125.20561
1718,115.93452,288.2655,127.89442
1719,256.9268,299.57608,128.62392
1720,112.81716,306.10892,128.74321
1721,99.93592,388.72873,127.19832
1722,241.09457,432.60233,127.220955
1723,180.92604,507.34186,128.24698
1724,220.08136,188.07649,129.77539
1725,222.54402,202.21696,125.108925
1726,245.40083,240.75351,128.60571
1727,132.3956,247.0941,128.76591
1728,146.6324,265.5266,125.02826
1729,246.87425,294.8679,127.7399
1730,132.57278,303.6749,121.44346
1731,257.17062,332.40933,128.61789
1732,105.30462,362.40292,127.827736
1733,256.88873,372.67645,128.62384
1734,229.57733,437.0394,128.7368
1735,110.199135,465.5702,129.29762
1736,218.98947,464.76917,129.15291
1737,124.05469,484.77393,128.85352
1738,193.53996,490.48526,128.90218
1739,131.78659,498.20508,128.70622
1740,145.24785,502.90134,128.08966
1741,175.52138,188.86966,130.26625
1742,144.77437,229.85913,129.53276
1743,136.27458,256.35477,128.47693
1744,126.26488,281.78104,125.35668
1745,256.31125,310.3681,129.92673
1746,112.45713,319.0017,131.57089
1747,257.0912,321.3122,129.50076
1748,124.43907,321.8449,128.73062
1749,110.67487,340.50504,129.97588
1750,257.46814,348.06924,129.38652
1751,254.62747,359.18298,129.635
1752,249.3911,400.19528,129.78471
1753,236.0053,413.10892,129.54218
1754,103.85534,429.47473,130.03592
1755,115.10654,431.91306,127.589714
1756,106.87807,441.37268,129.04332
1757,225.53983,450.561,129.86356
1758,120.85517,461.7168,128.56598
1759,182.18289,495.03146,129.83809
1760,157.32735,503.83618,129.38026
1761,191.62285,186.23305,131.75584
1762,206.28072,188.57521,131.38608
1763,197.08084,195.05489,129.25659
1764,183.849,195.68079,130.50018
1765,212.82901,198.19557,128.7719
1766,167.38661,201.3531,130.02869
1767,179.26062,205.58867,129.07521
1768,158.48917,212.33374,129.93661
1769,224.66425,212.96532,130.78163
1770,216.23447,218.6291,130.30571
1771,152.75699,223.0121,129.79832
1772,233.58676,230.34987,130.76216
1773,224.63548,238.98401,128.57683
1774,145.41386,249.48277,128.60652
1775,233.43025,252.32843,128.8946
1776,112.65699,350.99374,129.30327
1777,106.12715,371.88104,130.93275
1778,106.87283,396.98004,130.16536
1779,105.56703,409.41193,130.34914
1780,111.897865,452.12985,130.21497
1781,204.74927,483.7426,130.19095
1782,171.31946,499.79883,131.1026
1783,203.14894,202.23456,132.10243
1784,191.07295,203.77963,131.5209
1785,213.06232,208.22345,132.59882
1786,199.60275,212.44351,129.31596
1787,182.6794,218.69263,128.5308
1788,223.84007,226.587,131.79192
1789,236.46968,241.61253,132.17143
1790,159.64041,246.90791,129.64778
1791,241.73456,260.38458,131.8086
1792,133.48605,287.9415,127.38202
1793,124.43577,295.264,132.91153
1794,167.962,311.30014,130.439
1795,184.81094,338.11908,132.71556
1796,250.65137,341.19083,132.1079
1797,120.023346,369.8955,128.74872
1798,109.00261,381.91208,131.46423
1799,250.126,385.76395,132.13547
1800,115.53373,390.74084,130.4292
1801,240.1385,403.73538,132.05112
1802,117.47995,411.73206,129.41208
1803,123.26763,472.724,131.21527
1804,190.6277,478.09824,130.03242
1805,140.67754,492.99432,132.40688
1806,151.97989,492.8565,131.78731
1807,163.80711,221.96696,132.95168
1808,212.25244,229.4206,131.51
1809,159.27628,232.6542,132.3269
1810,151.22906,240.0721,134.00826
1811,136.49881,266.38232,133.47171
1812,133.4128,276.05304,130.46475
1813,230.13068,277.42725,129.6504
1814,144.67398,288.50708,126.63709
1815,142.07486,304.06723,126.24831
1816,121.73662,308.70984,134.17624
1817,247.96524,316.1079,132.07042
1818,237.4641,322.74915,131.25337
1819,248.56139,327.5177,133.78427
1820,176.4655,327.6898,131.73247
1821,118.63245,336.30402,134.43245
1822,128.30362,343.23364,129.87924
1823,165.57967,351.20758,132.80177
1824,153.5364,357.74167,131.25877
1825,247.24796,365.13196,132.80441
1826,247.08983,375.13135,132.66864
1827,241.36494,392.68182,132.5736
1828,110.79862,420.70935,133.20872
1829,233.63713,426.11755,132.88014
1830,209.32211,471.7441,132.62946
1831,133.9011,483.3924,132.56116
1832,164.16994,491.88004,132.10477
1833,171.12839,212.41805,134.38742
1834,205.32365,219.44337,135.99637
1835,237.78746,268.76303,133.28954
1836,239.72334,288.77063,133.63544
1837,237.22997,298.86075,133.0394
1838,246.34135,304.94882,133.10014
1839,241.52939,334.5081,134.63304
1840,156.30269,342.98172,130.70628
1841,114.04199,360.80664,133.61328
1842,237.26372,383.71872,133.38478
1843,214.77357,454.01404,133.3383
1844,199.15926,474.95474,134.87943
1845,190.56786,213.4379,136.82779
1846,174.73743,223.55771,135.73477
1847,241.62965,278.95004,135.98462
1848,134.46176,296.14682,136.2814
1849,224.6659,296.13855,131.27486
1850,229.38551,332.32925,133.5918
1851,246.27559,354.57654,135.00162
1852,125.404816,388.30243,132.70503
1853,114.4106,401.9264,135.71683
1854,220.8523,441.38016,134.6792
1855,117.318954,441.85068,135.47282
1856,122.244446,452.70312,135.34578
1857,205.86551,462.29507,134.20016
1858,185.15636,484.86246,135.67607
1859,168.56313,236.15155,136.02335
1860,216.31993,237.34547,136.17378
1861,199.06015,241.36304,132.53915
1862,226.27261,246.77031,137.84244
1863,215.00114,251.25009,134.47804
1864,149.20613,256.2801,137.50429
1865,230.01982,258.6397,136.59306
1866,218.39392,261.82867,133.56886
1867,161.6886,267.92395,134.19284
1868,157.18658,278.06262,132.93576
1869,129.52203,314.92035,136.55998
1870,240.39574,345.1991,135.25838
1871,121.8362,351.4214,135.65685
1872,227.45883,405.91068,135.27502
1873,221.70667,428.50424,134.63322
1874,131.59799,461.36072,135.92361
1875,135.84972,471.59875,135.57202
1876,146.1005,481.57242,135.63403
1877,159.16132,482.74847,135.56679
1878,174.0766,484.60916,135.48718
1879,191.8119,225.88507,136.73227
1880,201.73471,230.74142,137.23172
1881,159.18938,254.22906,137.34598
1882,149.58937,269.20337,139.16191
1883,142.27165,278.6155,137.5494
1884,218.58246,280.01108,134.6383
1885,239.3256,312.25754,136.68094
1886,127.02772,328.04605,136.57014
1887,235.9546,363.4567,135.81796
1888,131.6989,372.12442,135.09174
1889,118.626945,378.0649,138.37003
1890,228.24167,417.89145,137.1988
1891,119.57925,427.6348,137.92378
1892,127.65916,437.66257,136.96622
1893,208.2974,444.49286,135.47563
1894,132.28409,449.16772,136.85796
1895,202.1685,453.73392,137.55711
1896,191.38698,454.1453,135.27144
1897,142.15376,457.04086,136.61685
1898,193.11,465.35785,136.60396
1899,169.84961,474.48212,136.0516
1900,181.20029,231.07303,138.17426
1901,178.44702,241.65654,137.03839
1902,226.25421,269.30997,139.68057
1903,214.86357,311.6948,134.0564
1904,140.83313,313.49982,136.01074
1905,124.80994,362.4761,138.49925
1906,237.78432,373.36658,138.45822
1907,230.06978,394.35223,137.4926
1908,135.70932,401.0309,134.90057
1909,122.90355,416.68384,138.0865
1910,214.13925,421.4093,136.20395
1911,147.17853,469.87622,137.8249
1912,189.25478,239.78741,139.76465
1913,170.67363,249.65001,138.47386
1914,181.73003,252.72472,137.44296
1915,229.3782,286.4814,140.93178
1916,146.55678,329.39038,133.50204
1917,134.34718,344.25873,137.77838
1918,124.21754,402.2071,139.25299
1919,131.03264,425.0122,138.41841
1920,139.26823,429.71307,137.48448
1921,212.90022,435.44852,138.53378
1922,139.41156,442.2362,138.62599
1923,158.82281,471.7861,139.27675
1924,181.37715,471.9852,138.86443
1925,208.34955,242.4792,141.72142
1926,192.41801,250.65396,139.61227
1927,166.1175,260.29288,140.90395
1928,202.75468,269.0276,137.39606
1929,170.4773,271.0793,138.92021
1930,150.42241,286.551,140.47427
1931,167.49199,292.35675,135.09074
1932,145.12923,298.29895,140.0398
1933,231.16052,303.08585,140.82784
1934,229.46045,313.79312,138.82199
1935,137.2724,322.6626,140.37874
1936,135.14014,334.22922,140.81662
1937,234.31958,354.29895,139.78316
1938,134.42828,354.94424,137.55745
1939,129.2528,381.29175,141.82036
1940,227.02425,382.95874,139.53764
1941,131.83826,412.54608,139.49147
1942,202.62103,417.12323,138.21956
1943,151.5563,459.66467,140.65538
1944,182.41393,459.86084,139.85405
1945,161.62634,460.18665,139.30069
1946,171.78677,463.7374,140.44292
1947,202.92795,251.1715,141.86876
1948,210.20604,260.24847,142.34883
1949,192.26282,271.4817,138.63588
1950,214.00276,271.96616,142.39182
1951,160.38249,283.12842,141.63339
1952,217.17445,288.33957,141.67548
1953,147.24512,339.3564,139.08115
1954,230.73082,342.08386,141.2778
1955,224.5362,361.09048,139.61519
1956,137.8046,364.53476,139.64864
1957,226.07709,372.04913,140.63141
1958,140.1,382.6814,139.35411
1959,131.21599,392.59305,142.9802
1960,219.97052,399.5093,140.5713
1961,219.7501,412.75012,141.91684
1962,207.25912,427.22385,141.57867
1963,193.05763,433.30753,138.35962
1964,201.9457,438.0228,141.0679
1965,197.88972,261.0765,143.1645
1966,187.62949,261.83722,142.54277
1967,176.74394,262.4072,142.99129
1968,181.50017,272.80127,141.45216
1969,205.33875,278.80347,141.46895
1970,193.5874,291.26852,137.249
1971,157.41986,294.15723,142.58188
1972,220.9079,302.1838,144.37048
1973,177.69077,302.37875,138.17293
1974,156.2427,303.1671,139.82848
1975,207.81984,306.78677,141.5544
1976,196.8702,310.38385,136.9993
1977,149.12273,310.24982,140.52579
1978,171.2413,313.5292,140.79694
1979,229.1588,325.66342,143.32341
1980,205.9559,328.28687,136.98201
1981,213.39903,354.03732,138.2417
1982,153.46988,416.92508,139.04669
1983,184.57285,426.59525,139.63448
1984,148.09221,438.4006,141.91763
1985,194.26598,444.9933,142.05011
1986,151.6879,448.35614,141.72833
1987,183.33705,448.72144,141.45848
1988,173.36612,452.42096,141.48831
1989,170.72717,280.44006,142.98985
1990,211.16559,297.37854,142.54575
1991,159.25034,313.7443,142.5262
1992,219.9297,316.91898,144.82083
1993,151.0733,320.97034,141.93352
1994,217.41383,328.16937,142.71698
1995,164.75372,333.61588,137.88487
1996,217.7149,339.5202,141.96631
1997,142.56702,348.234,144.31473
1998,153.24039,351.24188,143.29013
1999,222.93411,350.42685,143.74046
2000,156.23872,362.95047,141.75238
2001,195.18584,371.237,138.96889
2002,195.3651,382.0451,140.1817
2003,217.98563,388.72873,142.56981
2004,142.28311,402.59366,143.34723
2005,210.24144,408.48795,143.44145
2006,141.80537,415.75162,142.9997
2007,160.35945,438.15033,141.87842
2008,163.1006,449.30774,142.96088
2009,193.9668,280.38177,145.26932
2010,182.68738,283.5836,143.50706
2011,205.23059,288.3169,144.72444
2012,174.24268,291.7199,145.17207
2013,200.41821,298.9437,145.09714
2014,166.07033,302.9504,147.06686
2015,216.43892,366.74905,143.80385
2016,142.42958,373.91104,144.82443
2017,213.42781,377.94113,142.2062
2018,146.0,392.2706,143.5835
2019,209.6989,397.16092,143.50589
2020,162.55537,403.21124,140.83018
2021,195.80313,424.03497,145.92567
2022,148.97177,427.8565,144.47229
2023,183.79633,438.0762,144.83685
2024,172.07973,441.19128,143.70117
2025,184.86417,295.14435,146.62762
2026,191.07959,304.3331,145.73933
2027,189.9818,316.40277,144.54619
2028,208.63692,317.23868,147.74168
2029,198.61324,320.93655,144.9178
2030,163.30687,322.95618,144.86104
2031,182.61308,322.0932,144.18365
2032,154.6019,330.65686,146.33443
2033,206.58205,338.48505,144.11618
2034,205.59708,348.64554,142.76686
2035,206.60742,360.286,143.08
2036,146.3548,361.17822,146.7638
2037,151.09402,382.99265,144.6116
2038,205.17679,386.4777,145.23186
2039,200.34344,400.4971,144.0525
2040,171.4946,419.12302,143.4946
2041,161.00377,427.63702,145.02063
2042,173.5417,430.075,145.13852
2043,180.97617,309.62592,148.3567
2044,172.75516,319.30173,148.94142
2045,198.619,332.8192,146.05296
2046,178.53525,360.06143,140.96779
2047,166.2404,366.17728,146.08124
2048,204.74338,371.11682,147.1813
2049,154.61716,372.20474,147.03386
2050,161.65668,380.29514,145.23293
2051,152.11751,405.18927,147.51317
2052,184.78328,408.76608,144.98361
2053,195.92867,411.00134,146.3755
2054,161.45001,414.98172,147.71172
2055,182.03209,418.40076,146.97661
2056,174.04243,331.6668,149.51537
2057,157.22147,342.1708,149.53992
2058,169.72206,342.3995,146.94064
2059,161.54124,353.95438,149.65013
2060,185.15329,379.86752,147.15657
2061,171.08498,380.2664,146.2702
2062,193.65253,390.04315,148.74356
2063,157.36713,392.4362,147.4294
2064,177.15088,398.52155,145.60599
2065,188.69405,399.23703,147.08691
2066,172.24792,407.83484,147.95277
2067,187.84749,328.9514,150.02931
2068,189.00478,339.16644,149.10205
2069,181.07413,344.60153,147.10376
2070,196.15431,346.53088,147.33258
2071,196.40305,358.3642,146.30107
2072,189.45966,368.29962,149.58775
2073,176.8593,371.0966,149.08957
2074,179.8941,388.81693,148.846
2075,167.84274,392.50766,148.67413
2076,172.61972,352.6235,150.96187
2077,185.97894,355.04886,150.253
